customer_id,age,gender,monthly_payment,contract_length,data_usage,voice_usage,roaming_usage,customer_service_calls,churn
1,28,Female,130.41,13,39.04,613.62,63.84,5,false
2,26,Male,522.85,24,28.76,44.99,31.82,6,true
3,46,Male,383.79,13,24.65,364.94,60.75,6,true
4,25,Male,162.02,4,88.84,264.16,42.88,1,true
5,74,Female,360.34,7,27.89,931.15,94.61,2,false
6,69,Female,466.59,21,13.39,37.31,93.01,9,false
7,82,Male,121.96,22,24.7,247.65,85.55,6,true
8,40,Male,994.39,9,30.75,962.54,22.93,8,true
9,26,Female,101.27,18,28.62,27.65,30.24,5,true
10,64,Female,24.85,17,54.13,720.05,85.38,4,true
11,35,Male,249.78,10,84.59,250.08,34.97,10,true
12,81,Agender,908.7,7,3.31,934.77,9.71,9,true
13,77,Male,345.22,7,16.9,378.02,57.3,4,false
14,18,Female,496.57,2,0.52,521.94,17.97,2,true
15,76,Female,782.58,17,18.12,618.63,90.16,0,true
16,35,Male,639.55,14,67.67,982.33,59.85,8,false
17,68,Male,185.12,12,77.49,278.88,94.95,6,false
18,38,Male,62.82,11,50.46,588.63,48.45,0,true
19,62,Female,555.08,12,36.12,876.66,11.18,7,true
20,64,Female,842.58,22,9.28,158.69,20.2,7,true
21,22,Female,129.42,9,80.94,406.17,16.14,6,false
22,26,Female,996.53,15,54.91,139.83,18.9,0,true
23,58,Female,881.97,13,59.47,328.34,35.69,1,false
24,46,Female,483.73,8,74.98,458.58,56.31,3,true
25,43,Male,811.68,4,27.06,413.7,51.71,2,false
26,82,Male,373.81,3,22.49,799.79,92.49,8,true
27,18,Female,590.08,24,93.44,439.83,85.48,5,true
28,26,Male,826.07,20,32.03,613.75,99.72,5,false
29,51,Female,634.98,1,89.23,477.1,48.83,9,false
30,26,Male,730.08,15,81.8,697.74,19.65,4,false
31,25,Female,24.06,18,52.4,316.05,51.16,0,false
32,82,Male,125.5,24,61.31,979.85,27.06,2,true
33,83,Male,423.26,12,68.65,571.83,87.58,2,true
34,49,Female,440.18,2,16.56,169.92,85.27,9,true
35,78,Genderqueer,950.73,18,73.19,931.07,63.89,0,true
36,49,Male,204.57,17,20.35,772.07,35.91,2,false
37,22,Female,198.66,10,50.27,341.68,99.05,8,true
38,77,Genderqueer,185.91,7,89.47,970.84,13.98,9,true
39,24,Male,451.45,11,23.16,800.59,52.09,2,false
40,32,Female,86.02,18,26.27,622.21,6.62,6,true
41,75,Male,75.58,21,23.97,762.06,99.64,10,false
42,31,Female,254.63,7,36.42,568.29,48.68,3,true
43,20,Male,234.22,8,4.28,461.82,7.57,9,true
44,51,Polygender,810.92,15,82.74,368.19,84.45,0,true
45,53,Female,516.74,22,82.76,676.51,70.93,6,true
46,44,Male,357.44,22,11.3,652.07,26.2,7,false
47,64,Female,58.39,15,96.54,528.17,12.21,2,true
48,35,Female,285.68,23,72.92,792.69,23.94,8,false
49,84,Female,848.63,14,31.77,936.48,30.09,8,true
50,39,Male,249.07,13,20.37,790.58,66.68,0,true
51,79,Female,556.72,23,28.76,472.87,10.87,7,false
52,49,Male,398.95,18,69.43,662.88,77.75,9,false
53,68,Non-binary,538.28,14,5.42,379.63,63.23,5,true
54,52,Male,299.85,22,28.24,835.1,20.93,7,true
55,68,Male,42.61,8,83.58,149.38,74.31,5,true
56,18,Female,675.63,12,40.19,826.21,53.87,2,true
57,54,Female,544.66,5,12.19,143.02,60.61,1,true
58,34,Female,520.85,6,61.08,754.91,66.79,0,true
59,39,Male,259.11,2,21.16,409.55,3.27,6,false
60,32,Male,523.64,17,35.79,405.97,17.3,5,false
61,78,Male,355.67,7,79.72,744.84,87.82,0,false
62,27,Male,629.68,12,14.31,303.26,66.52,3,false
63,29,Agender,246.48,9,24.94,599.29,12.74,7,false
64,21,Female,766.84,12,55.72,249.98,8.7,8,false
65,80,Male,265.73,7,38.39,467.27,6.7,7,false
66,28,Female,134.9,23,47.01,727.88,48.07,2,true
67,61,Female,309.53,7,50.04,84.13,46.8,1,true
68,83,Agender,594.45,8,71.81,475.11,57.75,1,true
69,70,Female,697.34,2,43.17,88.1,47.34,0,false
70,75,Female,274.41,11,71.75,602.0,5.12,4,true
71,30,Male,846.69,13,39.86,712.63,85.1,3,false
72,35,Male,14.53,19,6.27,643.84,21.96,0,false
73,18,Male,591.5,9,27.31,684.08,71.94,9,true
74,81,Female,663.4,9,10.54,65.47,33.62,0,false
75,64,Female,564.77,11,68.01,865.21,34.54,10,true
76,26,Male,879.9,18,50.37,791.55,65.81,3,true
77,80,Female,219.25,8,23.06,642.23,55.27,10,true
78,52,Male,647.07,9,66.5,113.68,31.32,5,false
79,50,Male,190.11,7,30.43,884.11,86.43,0,true
80,39,Bigender,56.03,19,40.76,171.03,84.44,2,true
81,29,Female,814.05,7,66.1,118.02,3.8,7,false
82,65,Male,396.66,5,70.52,920.73,2.57,2,false
83,32,Male,819.28,21,70.79,727.0,34.25,3,false
84,67,Female,639.76,16,51.48,87.04,20.52,9,false
85,80,Male,213.29,8,53.82,319.51,0.69,7,true
86,19,Male,509.14,2,78.38,233.28,65.95,0,true
87,32,Female,763.83,5,9.99,397.79,91.2,6,false
88,83,Female,418.77,18,70.12,297.01,72.87,0,true
89,18,Male,407.92,11,29.32,496.65,5.09,5,false
90,44,Male,209.25,9,57.66,832.25,32.62,0,false
91,71,Non-binary,286.1,8,51.83,309.48,93.3,7,false
92,19,Male,469.02,17,89.18,44.95,99.38,10,true
93,46,Female,64.04,1,79.19,410.06,75.67,1,false
94,76,Non-binary,319.09,13,9.34,241.43,6.55,2,false
95,57,Male,103.51,7,33.15,195.84,54.03,9,true
96,41,Female,248.55,23,56.38,779.72,8.07,4,false
97,66,Male,827.6,5,35.92,999.42,37.52,5,true
98,24,Female,723.41,21,29.95,219.09,65.49,0,true
99,20,Male,185.66,10,25.4,148.67,1.82,6,true
100,55,Male,80.02,18,83.31,981.74,45.58,7,true
101,58,Female,17.67,21,18.11,730.8,64.73,4,true
102,81,Female,834.09,11,81.42,73.3,65.14,6,true
103,26,Male,298.08,2,6.07,585.23,37.9,6,true
104,70,Female,929.42,21,87.83,161.92,31.67,9,true
105,36,Male,649.99,24,20.26,870.53,53.29,4,true
106,57,Female,39.95,6,25.55,668.14,63.01,4,true
107,46,Male,847.02,20,97.09,132.02,3.31,3,true
108,53,Female,672.49,8,92.53,212.63,89.94,8,true
109,40,Genderqueer,9.83,5,39.34,726.57,36.88,10,false
110,83,Male,473.66,3,24.52,129.19,29.31,7,false
111,69,Male,256.72,2,76.08,561.83,61.25,8,false
112,42,Female,354.46,9,84.33,404.44,92.03,4,false
113,56,Male,179.99,20,25.81,314.97,3.6,2,false
114,79,Female,461.79,11,20.78,471.58,35.79,0,false
115,85,Female,333.69,4,2.12,260.1,50.68,0,false
116,29,Agender,885.09,16,24.12,766.15,63.19,10,true
117,23,Female,199.22,17,51.79,973.26,72.42,10,true
118,32,Female,416.63,9,18.74,543.18,37.63,8,true
119,71,Female,463.92,12,12.53,157.05,30.72,3,false
120,67,Male,685.29,3,52.3,633.56,96.26,6,false
121,77,Bigender,141.98,21,88.61,439.95,42.71,2,true
122,85,Female,560.94,14,2.4,720.38,35.58,2,false
123,85,Male,535.21,24,23.45,853.41,67.27,0,false
124,67,Male,123.0,7,21.52,834.53,15.46,7,false
125,53,Female,356.78,13,28.6,715.49,68.74,5,false
126,73,Male,941.47,3,50.37,941.4,43.26,0,false
127,18,Female,847.52,16,64.34,362.96,63.4,3,false
128,81,Male,739.71,1,49.37,2.95,98.36,8,true
129,58,Male,123.14,23,93.93,36.09,63.49,8,false
130,46,Female,619.26,11,28.28,703.46,79.37,7,false
131,84,Female,174.34,11,48.37,604.12,33.34,8,false
132,36,Female,258.36,22,34.58,972.84,21.33,9,false
133,72,Female,823.33,21,9.64,831.31,57.19,0,false
134,30,Male,90.55,1,17.22,396.24,78.56,8,true
135,61,Male,113.4,19,48.94,168.11,30.5,10,false
136,33,Female,661.39,4,79.52,198.95,29.9,8,true
137,71,Non-binary,365.41,13,72.87,293.59,33.37,9,true
138,72,Polygender,800.36,13,63.38,971.0,61.04,5,true
139,19,Male,492.52,5,46.31,277.17,11.41,6,true
140,55,Female,853.2,3,9.46,66.33,0.16,8,false
141,75,Male,112.07,22,27.88,343.68,67.47,9,true
142,47,Male,480.04,2,20.96,901.35,75.42,3,true
143,80,Male,281.24,19,82.13,375.61,49.29,10,true
144,65,Female,253.61,22,20.45,54.32,51.35,3,true
145,78,Agender,329.32,20,38.65,914.48,37.06,4,false
146,67,Female,256.37,7,51.97,367.55,7.13,10,false
147,65,Female,547.31,20,30.02,254.72,5.91,9,true
148,46,Male,617.66,8,40.66,654.84,67.22,9,false
149,24,Female,738.73,8,95.84,961.98,58.72,7,false
150,75,Female,289.4,9,71.35,690.1,96.14,3,false
151,78,Female,529.64,12,44.45,436.0,54.57,2,false
152,57,Female,688.72,18,40.68,540.61,32.43,10,false
153,33,Male,801.95,12,89.56,580.86,14.23,3,false
154,81,Male,270.23,10,4.29,222.95,78.94,4,false
155,64,Male,772.57,21,45.82,369.82,95.0,9,true
156,76,Male,79.23,19,58.16,107.8,59.14,0,false
157,75,Female,848.25,24,4.42,479.21,85.78,4,false
158,69,Female,547.96,13,74.38,912.58,92.28,4,true
159,63,Female,598.66,10,95.41,762.51,32.23,10,true
160,41,Male,209.54,11,47.9,616.07,89.83,10,false
161,58,Female,812.95,19,34.7,41.79,43.68,9,true
162,32,Male,862.21,1,57.7,856.76,4.21,10,false
163,31,Male,828.76,4,68.81,33.74,2.35,1,false
164,65,Female,158.54,22,9.42,570.4,34.35,6,true
165,18,Male,913.22,12,98.99,110.72,86.33,6,false
166,68,Male,576.67,6,79.32,686.95,53.29,10,false
167,28,Female,603.09,24,78.91,406.9,48.32,1,true
168,84,Male,951.44,10,16.33,965.34,36.26,2,true
169,85,Male,441.85,4,12.45,532.93,13.38,9,false
170,59,Male,589.38,12,60.53,964.46,59.85,10,true
171,46,Non-binary,589.56,24,58.29,560.51,59.63,1,true
172,78,Female,332.76,19,30.1,161.14,4.5,6,false
173,22,Female,156.7,14,39.08,309.62,22.2,3,false
174,42,Male,79.4,18,9.77,256.23,94.54,8,false
175,32,Female,293.74,9,69.13,365.22,16.43,0,true
176,41,Genderfluid,983.23,8,9.84,152.02,47.93,1,true
177,22,Male,487.27,20,17.58,638.66,54.41,8,true
178,46,Female,141.33,6,99.12,290.48,19.83,3,false
179,29,Male,950.73,3,82.45,164.45,26.08,5,true
180,38,Male,763.46,17,15.55,953.2,32.03,4,false
181,27,Female,558.71,17,16.54,170.37,75.19,5,true
182,21,Male,199.57,14,79.16,858.29,43.49,8,false
183,65,Male,40.35,20,79.54,829.79,94.97,4,false
184,73,Male,139.72,5,79.22,952.52,9.45,1,false
185,44,Male,103.81,17,85.96,643.03,36.31,2,false
186,50,Male,390.68,23,31.47,303.09,76.49,7,true
187,75,Male,264.6,7,69.43,623.44,82.0,7,true
188,83,Male,83.9,20,62.21,673.83,91.09,9,false
189,42,Female,324.31,6,79.14,620.67,90.77,3,false
190,45,Male,93.43,10,24.03,457.14,41.0,7,false
191,67,Female,587.46,17,22.11,217.56,69.84,2,false
192,79,Male,262.36,9,34.47,539.21,58.36,7,true
193,65,Male,878.75,7,69.64,710.62,12.73,2,true
194,75,Male,782.31,8,74.22,548.06,79.74,3,true
195,56,Male,736.17,6,4.83,424.1,39.59,4,false
196,41,Bigender,875.01,2,33.72,850.63,30.61,10,true
197,71,Female,151.08,14,28.62,125.86,22.5,10,true
198,35,Non-binary,29.55,4,79.97,638.07,5.25,10,true
199,81,Polygender,637.62,4,62.59,557.77,80.93,6,false
200,23,Male,537.04,3,19.91,649.01,67.22,5,true
201,61,Male,521.72,17,9.37,798.25,67.98,4,false
202,21,Male,689.26,14,5.17,298.44,36.47,4,false
203,77,Bigender,39.62,21,89.16,954.77,13.95,0,false
204,80,Polygender,767.74,6,64.03,843.86,47.34,1,false
205,75,Female,387.21,20,51.01,135.43,32.59,7,true
206,22,Female,580.05,22,86.05,811.62,85.1,0,false
207,31,Male,464.76,11,59.48,50.64,19.71,7,false
208,22,Male,973.63,13,99.18,489.14,75.73,5,true
209,51,Female,110.57,24,22.52,794.36,94.27,5,false
210,62,Male,223.75,7,70.59,230.69,78.09,1,true
211,26,Male,581.72,14,70.17,728.17,83.68,7,true
212,18,Male,660.45,24,35.63,794.58,62.79,3,true
213,30,Male,104.34,22,78.06,931.36,33.48,10,true
214,47,Male,54.83,11,13.21,817.75,78.45,4,true
215,21,Male,38.15,15,78.31,93.29,49.68,9,false
216,37,Female,306.24,21,59.64,914.42,90.72,4,true
217,80,Female,962.88,16,55.89,141.36,39.53,9,false
218,21,Polygender,943.77,19,98.34,235.26,39.97,7,true
219,43,Male,83.0,2,81.48,410.03,4.63,8,true
220,44,Female,652.29,13,69.5,407.96,9.58,3,false
221,26,Female,507.45,11,51.3,825.92,94.54,10,false
222,74,Female,410.22,12,83.35,28.24,2.2,3,false
223,35,Female,22.45,15,87.22,897.5,88.3,5,true
224,80,Female,815.24,8,56.76,523.47,19.52,7,true
225,75,Female,744.12,23,30.24,337.96,62.61,9,false
226,33,Female,857.08,3,42.26,556.4,56.68,8,true
227,39,Female,763.89,13,80.42,498.69,67.4,4,true
228,20,Male,515.88,17,94.66,835.87,74.15,9,false
229,33,Male,682.38,21,56.54,445.38,3.51,1,false
230,84,Male,666.89,24,30.74,500.26,72.72,10,true
231,30,Male,428.58,6,32.14,711.08,23.81,0,false
232,61,Male,517.14,6,12.18,620.09,5.72,1,true
233,80,Female,768.45,21,53.58,417.63,2.72,8,false
234,84,Non-binary,461.66,15,33.72,159.46,70.23,0,false
235,76,Female,680.9,14,15.03,328.51,89.98,9,false
236,23,Female,524.21,13,75.38,91.02,82.09,7,false
237,59,Male,776.23,7,86.26,35.23,29.56,6,true
238,76,Female,220.85,22,9.54,113.83,67.78,5,false
239,69,Male,490.41,15,47.97,735.49,29.75,10,true
240,83,Female,8.92,1,81.18,835.87,48.98,10,false
241,64,Male,802.8,7,81.7,995.65,87.84,1,false
242,58,Female,124.04,4,17.24,848.84,83.73,2,true
243,70,Female,735.22,16,6.34,122.39,29.22,8,true
244,76,Male,285.62,13,56.6,265.83,45.81,4,true
245,29,Male,99.68,19,1.62,325.36,93.83,3,true
246,72,Female,821.72,19,2.4,304.8,29.1,6,true
247,57,Male,899.65,16,14.63,725.74,92.99,6,true
248,20,Male,177.24,15,49.02,792.39,15.82,8,false
249,26,Female,407.87,21,20.12,409.06,90.29,9,true
250,76,Female,381.5,13,34.64,566.45,41.5,0,false
251,69,Male,897.77,17,27.84,707.06,20.71,6,true
252,77,Genderqueer,609.85,2,41.49,897.04,29.53,3,true
253,64,Male,651.06,2,93.09,339.13,89.01,0,false
254,53,Bigender,241.0,19,13.28,827.21,8.99,1,false
255,56,Male,277.58,19,77.51,414.62,31.46,9,true
256,60,Female,164.38,4,42.44,337.61,69.33,5,true
257,56,Female,244.35,18,16.83,38.15,91.19,9,true
258,80,Male,335.43,20,51.08,927.93,96.32,1,false
259,50,Agender,787.8,24,41.94,406.1,60.22,0,false
260,62,Male,898.01,16,47.36,938.45,98.4,2,false
261,85,Male,937.76,1,20.44,832.58,93.01,10,false
262,49,Male,290.01,20,38.31,823.77,72.92,1,false
263,56,Male,194.28,5,53.09,281.29,36.54,1,true
264,66,Male,213.14,2,52.16,353.71,45.49,6,true
265,44,Female,7.11,14,82.07,202.52,39.49,8,false
266,59,Male,898.84,12,1.67,59.38,6.83,7,true
267,36,Female,21.27,5,56.97,103.22,98.0,8,true
268,67,Polygender,597.45,15,39.03,378.95,46.55,8,false
269,65,Male,758.08,20,3.31,366.43,1.41,8,false
270,79,Female,644.49,9,31.3,455.79,83.67,6,true
271,49,Male,46.85,21,86.3,885.61,29.99,10,false
272,33,Genderfluid,357.25,18,54.8,643.3,18.34,10,true
273,63,Female,836.1,10,6.5,363.27,51.01,5,false
274,78,Male,17.92,5,72.39,222.97,8.5,3,true
275,37,Female,704.07,15,79.67,701.59,54.74,10,false
276,59,Female,526.04,6,67.83,963.5,56.11,6,true
277,30,Female,234.34,16,39.2,578.69,76.09,5,true
278,38,Male,396.98,12,86.18,837.84,53.77,5,true
279,36,Genderfluid,939.88,10,38.82,602.25,72.7,8,true
280,83,Female,270.8,24,87.56,714.51,20.14,9,true
281,43,Female,233.48,13,16.23,867.9,94.09,8,false
282,65,Male,89.82,2,44.12,502.0,57.93,7,true
283,81,Female,143.61,19,81.88,333.35,63.05,6,false
284,34,Male,241.4,1,17.28,910.16,90.47,1,true
285,63,Male,379.87,11,97.34,188.88,21.43,1,false
286,24,Male,680.79,8,88.9,103.68,76.71,0,false
287,69,Male,662.81,18,13.64,350.7,76.53,8,false
288,27,Male,845.82,13,30.72,805.59,78.64,4,false
289,18,Female,678.73,9,14.86,847.77,50.34,3,true
290,18,Female,85.76,24,45.39,883.89,51.49,3,false
291,60,Male,979.36,17,31.91,367.15,39.07,5,true
292,57,Female,33.23,12,45.97,329.75,60.47,10,false
293,24,Female,752.12,19,12.12,335.15,76.04,6,false
294,80,Male,988.04,4,74.43,777.27,10.78,8,true
295,53,Male,312.53,7,14.93,425.26,37.41,1,false
296,75,Female,204.56,23,10.59,62.21,85.74,3,false
297,39,Female,408.7,14,36.75,371.36,15.39,7,false
298,73,Male,339.31,22,94.29,37.83,95.81,2,false
299,26,Female,697.04,11,19.93,61.12,19.87,0,true
300,56,Female,51.21,10,43.11,475.07,18.4,4,true
301,34,Female,495.32,6,99.63,347.31,57.71,9,true
302,73,Male,972.73,24,20.64,917.67,85.99,5,true
303,39,Female,979.88,14,41.55,85.35,2.6,5,true
304,64,Male,607.2,24,36.49,871.33,98.59,0,true
305,54,Female,11.26,16,82.63,742.37,28.56,10,true
306,39,Female,324.76,2,49.57,42.68,66.59,6,false
307,58,Male,670.99,22,24.02,475.0,63.78,8,true
308,22,Male,414.25,2,4.64,423.3,21.6,7,true
309,27,Male,654.58,24,5.19,799.49,46.15,2,false
310,21,Female,647.53,9,75.6,602.26,14.82,8,false
311,80,Female,20.14,24,4.33,542.4,7.91,10,true
312,27,Male,383.85,13,97.04,989.02,52.21,3,false
313,63,Male,567.57,16,70.37,513.09,43.92,5,true
314,75,Female,125.84,18,26.28,247.35,57.39,3,true
315,78,Male,798.08,21,39.73,610.21,2.3,6,true
316,62,Female,890.38,23,92.8,72.77,82.04,5,true
317,82,Male,57.93,12,86.94,815.42,34.79,7,true
318,33,Male,227.05,5,13.29,814.92,26.75,7,true
319,21,Male,443.81,3,38.07,432.27,66.29,8,false
320,24,Agender,97.89,17,89.28,206.9,20.62,0,true
321,20,Non-binary,408.93,14,97.64,47.57,58.3,3,true
322,51,Female,372.23,17,20.8,808.31,65.28,1,false
323,58,Male,260.27,22,27.9,201.2,6.85,2,false
324,47,Genderfluid,132.33,11,7.54,74.46,63.51,2,true
325,47,Male,193.76,10,69.56,856.9,9.97,5,true
326,68,Male,796.67,9,73.32,156.32,88.12,1,true
327,34,Male,599.28,1,79.13,643.97,96.91,5,false
328,81,Male,19.86,11,51.73,128.12,1.43,1,true
329,18,Male,613.87,1,2.36,141.54,27.66,7,true
330,42,Male,725.97,23,15.81,908.47,68.62,5,true
331,73,Female,671.61,24,68.06,979.35,11.56,6,true
332,38,Male,508.15,7,69.68,522.18,92.17,10,true
333,34,Male,946.43,5,12.65,231.26,71.77,5,true
334,70,Male,431.41,8,81.02,343.25,61.76,1,false
335,45,Female,59.35,13,98.47,269.6,71.5,6,true
336,45,Female,463.39,20,17.77,390.94,29.89,1,false
337,40,Female,625.8,6,45.19,604.18,21.85,7,true
338,65,Female,39.28,6,97.23,492.3,28.01,4,true
339,50,Male,616.14,2,41.26,213.9,25.53,9,false
340,69,Female,401.99,16,63.47,275.81,66.54,4,false
341,27,Female,759.72,10,72.0,583.71,64.48,0,false
342,70,Male,402.97,10,56.55,963.5,41.91,2,true
343,31,Male,633.13,16,18.69,393.74,70.34,5,false
344,60,Female,30.07,18,32.23,959.68,85.75,9,false
345,67,Male,579.2,5,60.38,941.48,53.73,0,false
346,35,Female,725.32,13,44.95,952.05,59.69,5,false
347,19,Male,400.16,15,73.79,659.07,34.15,6,false
348,85,Male,519.58,14,24.85,42.15,66.32,5,true
349,18,Genderfluid,154.62,24,57.82,552.22,97.41,3,true
350,32,Male,571.37,4,49.94,704.89,14.6,4,false
351,54,Female,234.65,5,47.61,359.16,23.1,9,true
352,56,Male,60.55,20,18.42,618.83,31.66,3,true
353,57,Female,125.85,24,24.8,668.25,94.55,7,false
354,85,Female,367.63,22,90.07,868.86,72.45,1,true
355,76,Female,152.74,18,41.1,1.9,12.82,0,false
356,36,Male,340.51,19,36.99,927.0,14.78,6,true
357,59,Female,317.26,14,63.93,65.74,55.63,8,false
358,54,Female,57.6,3,6.94,274.47,19.91,1,false
359,79,Female,231.22,4,72.74,74.78,93.59,7,true
360,62,Genderqueer,30.09,1,85.67,634.59,88.86,5,false
361,42,Male,111.52,1,74.25,761.57,23.1,4,false
362,77,Polygender,339.26,4,94.2,362.35,41.24,8,false
363,50,Female,418.17,7,59.93,729.33,64.42,0,true
364,49,Male,981.66,1,72.97,235.68,58.89,10,false
365,35,Male,545.16,10,82.01,725.78,37.56,2,false
366,28,Female,621.03,8,70.06,587.59,95.19,3,true
367,59,Male,938.09,21,2.09,388.1,3.53,10,true
368,42,Male,939.56,6,0.59,153.75,6.43,3,false
369,38,Non-binary,897.51,2,73.36,105.3,10.14,7,false
370,20,Female,606.6,3,93.75,677.44,89.14,0,false
371,19,Male,264.8,14,89.37,128.89,20.61,4,true
372,75,Female,376.59,12,37.84,803.36,62.74,0,true
373,83,Non-binary,847.1,15,35.42,692.61,55.26,7,true
374,43,Female,87.47,11,35.87,405.0,58.68,4,false
375,35,Male,237.66,18,55.76,166.08,66.47,5,true
376,80,Male,728.09,17,68.53,251.08,15.06,0,true
377,67,Male,740.18,21,39.51,411.28,7.19,2,false
378,67,Male,784.66,16,40.52,832.0,65.25,2,true
379,63,Female,5.79,24,57.42,369.55,57.96,3,false
380,66,Female,221.77,19,0.3,61.08,31.29,5,true
381,81,Female,984.53,9,18.24,620.62,26.54,3,true
382,25,Male,912.97,24,99.51,823.58,99.81,9,false
383,39,Female,345.48,17,95.12,745.97,5.34,9,true
384,18,Polygender,663.21,3,46.18,57.69,7.61,8,false
385,56,Female,626.65,15,22.71,708.17,82.11,3,true
386,64,Female,444.22,4,59.54,793.56,68.73,0,true
387,70,Female,418.91,8,69.55,380.49,53.86,8,true
388,36,Female,638.91,12,85.68,679.36,62.33,5,true
389,27,Male,299.54,18,48.67,109.34,31.52,3,true
390,84,Female,837.47,2,24.04,241.91,60.35,3,false
391,51,Female,343.46,3,34.71,666.76,15.76,2,true
392,59,Female,849.99,3,42.09,335.17,63.52,7,true
393,68,Female,619.7,14,37.72,465.86,42.02,1,true
394,79,Female,622.04,16,83.21,786.39,86.84,2,false
395,42,Male,544.92,19,11.0,430.89,49.59,10,true
396,54,Genderqueer,724.49,15,94.78,398.1,90.53,7,true
397,67,Non-binary,66.54,14,68.44,811.97,19.94,10,true
398,49,Female,126.94,20,50.74,642.49,31.67,6,true
399,83,Male,810.17,2,65.28,424.53,4.74,10,false
400,22,Agender,439.09,14,82.51,958.89,81.92,4,false
401,55,Male,434.55,16,88.56,322.83,60.83,1,true
402,44,Non-binary,352.07,3,82.65,511.31,53.56,1,false
403,82,Female,420.86,7,96.24,80.29,27.59,1,true
404,52,Female,565.5,23,6.96,511.08,71.8,1,false
405,78,Male,48.1,24,58.82,76.28,7.38,3,true
406,43,Female,947.92,5,90.88,979.02,9.09,9,true
407,68,Male,265.11,17,90.47,12.87,99.04,6,false
408,28,Female,913.37,3,89.85,803.82,26.68,2,true
409,43,Male,163.31,11,32.3,386.48,36.57,4,false
410,73,Female,231.48,3,28.94,611.25,75.22,4,true
411,42,Male,984.98,6,27.32,467.91,59.47,0,true
412,23,Male,929.75,2,19.91,343.24,98.0,2,false
413,32,Female,463.45,14,95.78,361.31,98.22,10,false
414,56,Female,438.39,4,86.06,917.04,8.85,7,false
415,83,Bigender,617.17,15,67.2,935.39,43.54,10,false
416,72,Female,755.64,13,67.34,526.34,46.59,1,false
417,71,Male,295.83,15,99.16,781.77,39.45,4,false
418,36,Genderfluid,685.41,15,7.72,100.86,96.59,7,false
419,37,Male,992.92,14,18.38,492.09,15.3,7,true
420,33,Genderfluid,823.35,19,47.74,722.16,52.73,6,false
421,53,Male,70.0,10,62.9,148.49,12.18,3,true
422,60,Female,282.41,15,36.14,39.83,38.63,8,false
423,63,Female,411.05,1,45.61,427.2,1.28,0,true
424,64,Female,889.88,23,23.83,695.17,76.06,3,false
425,40,Male,626.04,4,11.34,155.5,38.45,6,true
426,28,Female,389.72,13,0.25,457.89,7.56,3,false
427,69,Male,468.82,9,81.25,651.38,28.59,7,false
428,47,Female,373.88,16,0.93,315.43,9.76,5,false
429,27,Male,254.93,11,54.21,821.53,93.56,10,false
430,60,Female,655.04,19,53.3,820.29,6.58,10,true
431,72,Female,369.09,17,56.42,630.78,25.73,5,true
432,59,Female,26.12,24,43.25,211.61,83.32,1,false
433,77,Female,571.11,8,73.1,114.35,71.36,4,true
434,64,Bigender,159.69,1,57.3,456.23,42.6,3,true
435,77,Female,859.24,11,51.86,366.73,63.34,7,false
436,22,Female,154.16,6,18.77,998.63,87.28,5,false
437,19,Male,921.52,16,93.93,364.59,23.1,10,false
438,80,Male,307.33,12,13.34,260.85,20.55,7,false
439,18,Male,83.28,14,90.61,543.15,26.51,8,false
440,19,Female,136.43,1,82.52,491.15,4.18,5,false
441,28,Female,582.13,6,88.5,312.57,97.93,9,true
442,54,Male,189.62,7,63.57,806.42,33.68,3,false
443,81,Male,952.83,1,17.18,312.82,50.39,4,true
444,41,Male,835.0,15,27.86,612.26,38.25,8,false
445,70,Male,737.81,19,65.6,453.77,39.17,7,true
446,81,Male,987.06,2,52.27,29.33,4.64,4,true
447,57,Female,412.06,24,25.95,509.19,73.48,10,false
448,40,Female,227.0,11,31.02,643.92,5.15,7,false
449,31,Female,228.11,15,72.83,744.6,33.49,2,false
450,79,Male,780.91,14,66.07,458.73,52.82,1,true
451,82,Female,174.27,8,91.86,117.96,77.66,9,true
452,22,Female,342.01,1,15.34,603.56,0.16,1,false
453,82,Female,337.84,24,31.41,191.67,95.13,10,false
454,19,Female,420.54,24,14.66,42.34,67.48,5,true
455,44,Male,16.01,8,54.25,844.43,53.77,10,true
456,37,Female,142.39,17,86.37,297.54,50.92,0,false
457,47,Female,518.09,2,48.2,634.85,89.18,10,false
458,84,Male,944.94,9,95.14,126.16,20.05,1,true
459,77,Non-binary,679.51,24,47.4,777.91,67.62,3,true
460,69,Genderfluid,664.96,21,80.12,236.42,23.31,9,false
461,62,Genderqueer,566.61,2,8.64,742.27,64.73,1,false
462,23,Male,502.66,5,61.78,851.16,55.64,10,true
463,52,Female,179.04,24,17.97,628.69,50.62,4,false
464,46,Female,367.89,11,62.86,868.77,71.79,9,true
465,59,Female,935.69,17,26.03,768.9,14.12,8,false
466,59,Female,450.16,24,34.65,859.82,57.58,4,false
467,42,Female,298.03,14,57.74,799.36,68.65,0,false
468,58,Male,130.82,13,79.04,116.95,4.35,5,false
469,53,Male,954.25,6,21.02,224.99,91.25,0,false
470,35,Male,67.32,21,42.49,994.17,80.87,0,true
471,62,Bigender,823.91,17,39.86,805.31,10.98,0,true
472,41,Male,786.2,16,69.25,96.01,59.38,9,false
473,34,Female,198.86,10,86.14,681.29,11.64,5,false
474,51,Male,262.31,2,73.74,194.78,32.62,2,true
475,21,Male,626.12,4,99.59,476.75,74.8,8,false
476,31,Female,338.35,22,21.16,246.39,6.09,10,true
477,40,Female,20.85,16,43.2,642.53,71.53,0,false
478,48,Female,959.14,9,29.21,357.96,79.55,1,true
479,39,Female,635.66,24,18.43,271.29,55.03,1,true
480,33,Female,971.96,11,73.89,420.97,70.56,9,true
481,33,Female,623.0,14,82.34,111.48,84.77,5,true
482,83,Male,76.1,5,51.1,220.02,95.97,3,true
483,47,Female,883.95,14,41.25,903.31,18.49,0,true
484,69,Male,55.32,4,10.51,273.28,2.74,6,true
485,42,Male,455.68,11,95.02,904.07,79.19,0,true
486,51,Male,770.91,21,80.93,230.1,34.02,10,true
487,48,Male,894.19,8,75.25,366.48,15.71,3,true
488,41,Male,381.46,15,48.61,639.95,6.66,9,false
489,55,Male,11.32,24,68.47,123.7,7.53,9,false
490,55,Male,316.1,8,61.96,543.45,70.61,5,true
491,84,Male,940.1,8,0.8,963.69,93.43,4,false
492,41,Female,435.89,21,42.55,57.14,56.97,7,false
493,62,Male,914.1,4,43.23,427.89,17.1,10,true
494,22,Female,378.16,21,0.29,999.74,37.74,0,true
495,51,Male,264.26,11,46.85,637.9,40.57,0,true
496,62,Female,793.52,19,19.26,875.44,61.98,1,false
497,45,Agender,110.83,15,90.13,867.5,36.42,10,false
498,19,Female,993.85,10,80.26,860.29,79.14,4,true
499,37,Female,846.14,11,76.41,566.06,63.83,3,true
500,83,Polygender,541.06,3,9.09,339.07,6.34,6,true
501,25,Male,577.0,7,25.73,403.15,53.6,4,false
502,52,Female,957.8,21,59.3,975.34,29.56,10,true
503,28,Male,646.88,20,3.91,411.88,99.73,9,true
504,24,Female,665.83,23,63.17,143.92,94.54,10,true
505,55,Female,566.46,7,33.07,991.58,95.61,3,true
506,49,Female,390.28,24,38.51,526.19,70.94,5,false
507,63,Male,143.29,22,38.71,449.57,11.72,2,false
508,41,Female,33.05,24,54.9,749.76,3.44,0,true
509,37,Female,52.88,23,57.44,423.59,14.46,1,true
510,27,Female,973.31,24,20.39,423.14,1.31,4,true
511,85,Male,539.46,7,16.15,18.79,62.54,10,true
512,41,Male,281.25,23,15.61,836.26,12.39,10,false
513,24,Male,3.69,5,29.61,780.82,0.87,7,false
514,60,Female,425.01,2,25.36,309.16,34.46,9,false
515,28,Genderqueer,476.94,21,9.4,860.09,54.05,2,true
516,44,Male,325.92,17,85.53,626.04,86.8,1,true
517,67,Male,992.79,14,90.01,908.49,39.53,9,false
518,69,Bigender,115.31,3,45.49,9.3,15.19,2,false
519,44,Female,511.95,3,97.75,68.96,1.27,6,true
520,40,Male,602.43,8,25.56,232.36,25.52,3,true
521,70,Male,654.35,9,47.22,34.66,17.21,0,false
522,40,Genderqueer,621.65,24,58.12,776.52,7.34,5,true
523,18,Female,202.9,1,87.37,581.31,48.46,8,false
524,68,Female,932.18,6,98.27,177.81,15.7,8,true
525,81,Female,647.26,9,22.19,48.52,99.79,2,true
526,57,Male,31.22,10,80.18,606.55,15.52,10,false
527,55,Female,91.34,9,91.42,498.06,64.04,2,false
528,47,Male,655.88,21,65.44,130.39,12.89,0,true
529,26,Male,982.87,13,10.05,770.72,0.66,10,false
530,78,Female,595.73,18,97.24,657.45,66.13,10,false
531,53,Female,847.24,24,83.89,52.81,87.09,9,true
532,66,Male,931.75,5,92.04,7.16,53.5,0,true
533,46,Female,435.26,13,80.38,59.64,16.27,6,true
534,36,Male,283.74,15,55.75,478.65,6.22,5,true
535,44,Male,963.4,10,96.9,64.97,20.85,8,true
536,28,Male,846.6,20,11.86,160.65,17.42,2,false
537,36,Male,917.03,10,77.98,259.72,33.24,1,true
538,52,Female,693.92,5,96.55,769.17,23.12,1,true
539,36,Female,659.16,15,97.99,378.81,41.78,0,false
540,30,Male,441.9,21,62.98,523.43,93.06,7,false
541,25,Female,791.42,13,30.11,530.24,53.8,3,true
542,18,Agender,254.81,10,87.63,741.04,45.84,6,true
543,19,Male,178.21,15,84.72,329.85,68.44,8,true
544,20,Male,246.71,3,29.88,991.33,94.32,2,false
545,79,Female,617.96,8,34.17,71.15,20.06,5,true
546,69,Female,240.1,8,21.35,270.14,61.03,1,false
547,21,Male,668.75,15,62.44,213.33,27.35,8,false
548,35,Male,121.82,11,21.89,978.52,24.15,8,true
549,52,Female,727.67,8,46.75,170.73,53.17,10,false
550,35,Female,66.65,2,58.66,341.11,44.47,3,true
551,45,Female,929.85,9,86.47,59.04,51.03,10,true
552,72,Male,650.38,8,62.72,472.54,22.63,9,false
553,39,Female,122.92,2,50.36,817.0,35.82,8,true
554,31,Female,937.58,13,12.35,738.12,21.69,8,true
555,65,Female,911.19,6,64.55,768.48,18.45,2,true
556,25,Male,577.41,9,11.68,565.41,16.23,1,true
557,35,Female,505.98,5,99.15,502.94,93.03,0,true
558,83,Female,138.21,22,75.62,224.39,98.6,9,true
559,66,Genderqueer,996.5,17,33.35,145.08,62.82,9,false
560,18,Agender,544.67,7,9.18,914.59,88.82,9,false
561,62,Female,462.45,6,94.73,561.0,45.21,4,false
562,70,Male,556.27,13,83.15,526.94,23.01,6,false
563,64,Female,708.37,23,62.4,980.45,17.13,2,false
564,75,Male,843.14,5,63.63,141.04,38.67,0,true
565,48,Male,73.38,20,13.88,444.56,41.07,4,false
566,48,Male,899.75,22,81.43,422.2,87.77,1,true
567,84,Male,943.0,23,4.72,395.72,34.38,0,true
568,58,Male,479.56,22,27.94,108.46,59.36,10,true
569,63,Male,836.82,10,95.83,913.76,50.28,9,false
570,31,Male,265.72,16,50.6,954.44,63.35,2,false
571,32,Male,85.79,19,68.06,723.71,58.18,4,false
572,36,Female,276.23,1,22.04,687.81,75.95,8,false
573,26,Female,390.51,22,95.75,183.9,88.65,5,false
574,57,Male,204.99,2,77.76,140.31,45.76,0,true
575,59,Female,36.21,2,50.17,388.8,35.3,8,false
576,22,Male,476.13,4,76.66,42.21,38.33,4,false
577,33,Female,382.87,19,7.75,806.19,67.26,3,false
578,39,Male,889.26,24,30.84,687.67,54.79,5,true
579,63,Male,433.91,7,91.87,779.4,92.39,4,false
580,75,Female,177.65,16,93.4,556.56,96.43,4,true
581,33,Male,107.98,13,67.64,644.5,34.22,2,true
582,80,Female,964.79,8,47.1,697.2,69.43,10,true
583,61,Female,572.0,20,42.77,567.19,54.28,9,false
584,29,Female,721.33,21,28.09,980.92,44.34,7,true
585,54,Male,900.99,18,13.37,725.44,73.55,6,false
586,74,Female,343.72,13,84.71,478.56,47.43,1,false
587,51,Male,576.46,24,4.96,176.48,52.55,3,true
588,44,Male,805.79,13,79.9,988.72,39.08,7,true
589,49,Female,881.34,3,50.51,491.35,56.24,2,false
590,81,Female,440.48,9,34.86,211.66,65.55,4,true
591,63,Female,727.49,23,84.73,214.43,68.89,2,false
592,44,Male,510.49,24,23.38,988.41,84.12,9,true
593,43,Male,80.29,5,68.12,629.06,39.86,9,true
594,32,Female,848.81,23,80.17,17.07,0.72,6,false
595,19,Female,752.97,22,83.94,867.18,34.91,1,true
596,27,Male,175.95,16,39.81,668.13,48.1,8,true
597,79,Male,959.86,9,90.95,594.16,73.01,10,true
598,49,Female,100.26,9,55.29,535.8,19.79,3,false
599,57,Male,743.46,8,87.97,829.03,66.87,1,true
600,26,Female,444.7,21,31.74,17.32,26.11,10,false
601,64,Male,61.16,13,5.9,23.64,93.78,8,false
602,77,Male,102.49,13,50.6,560.69,95.66,9,true
603,47,Female,824.67,18,74.87,446.21,72.29,10,true
604,82,Male,284.23,10,57.8,953.56,10.25,2,false
605,33,Female,618.92,6,10.83,952.76,69.85,10,true
606,58,Female,537.59,12,55.7,802.94,1.3,6,false
607,20,Female,411.1,19,5.46,134.96,93.19,1,false
608,39,Female,252.73,7,93.94,980.77,51.67,2,false
609,61,Female,85.7,10,41.29,772.65,47.92,7,false
610,64,Female,540.22,8,11.68,116.36,99.04,0,true
611,73,Female,955.41,2,76.75,353.75,71.05,2,false
612,73,Male,645.62,14,17.26,807.65,36.36,10,true
613,34,Female,93.5,6,91.39,467.36,30.43,7,false
614,48,Non-binary,483.04,6,20.42,784.95,12.5,1,false
615,18,Female,423.7,12,25.96,407.02,39.71,5,false
616,27,Male,488.06,6,97.1,754.66,55.49,2,true
617,76,Female,864.97,15,93.4,893.58,15.41,5,false
618,68,Male,458.13,24,45.14,639.2,67.86,4,false
619,21,Male,437.9,17,6.01,820.44,62.52,6,true
620,55,Female,197.44,3,14.35,979.44,46.79,5,false
621,61,Female,919.8,23,82.77,610.45,71.85,3,false
622,62,Male,658.44,7,56.16,797.41,69.85,9,true
623,48,Male,566.24,22,85.87,319.7,11.0,5,false
624,42,Male,90.8,15,50.25,772.27,25.34,6,false
625,52,Male,803.45,7,41.66,652.19,30.83,2,false
626,20,Male,282.67,14,0.64,332.74,78.88,4,true
627,46,Genderqueer,936.66,1,71.02,844.5,32.92,8,true
628,46,Female,665.04,4,78.15,720.34,32.81,6,true
629,74,Female,23.18,1,54.4,382.95,13.44,6,true
630,53,Male,348.35,14,66.55,55.08,43.91,4,false
631,73,Female,891.77,13,15.61,916.14,31.7,3,false
632,63,Female,433.78,23,33.68,110.01,29.68,3,false
633,35,Male,303.69,17,20.22,597.87,74.67,2,false
634,58,Female,114.6,5,35.13,630.29,3.84,9,false
635,83,Female,128.47,12,24.27,358.19,15.35,5,false
636,20,Male,216.42,1,96.97,113.85,87.47,8,false
637,38,Male,442.84,9,38.4,650.04,45.02,9,true
638,60,Female,788.75,3,61.24,699.22,62.81,9,false
639,38,Female,245.04,3,58.61,309.07,29.71,0,true
640,23,Male,953.13,24,35.49,443.65,78.04,2,false
641,55,Female,447.86,22,58.78,485.23,83.36,8,true
642,20,Male,285.52,24,72.99,829.5,38.35,7,false
643,27,Male,165.46,13,59.76,875.5,29.58,10,false
644,44,Male,709.57,11,77.89,591.15,57.29,6,true
645,49,Male,367.9,23,55.9,200.05,14.51,0,true
646,45,Female,810.52,12,23.94,245.57,16.06,7,false
647,20,Female,33.59,19,71.59,809.96,71.05,10,false
648,18,Female,417.79,4,36.19,366.05,52.99,2,false
649,74,Male,277.11,10,21.85,636.25,84.91,4,false
650,56,Male,110.65,15,2.62,709.01,9.8,6,false
651,45,Male,290.21,3,0.57,26.31,38.78,3,false
652,48,Male,746.72,15,56.96,988.79,16.41,1,false
653,62,Male,463.18,12,42.06,183.16,74.54,5,false
654,57,Male,196.17,4,58.76,247.24,18.83,8,true
655,52,Female,311.15,11,82.44,417.72,35.06,6,true
656,23,Female,859.97,8,61.74,867.86,52.38,1,true
657,60,Female,643.63,8,29.16,207.29,22.86,8,false
658,76,Male,175.01,1,85.95,675.86,54.82,9,true
659,78,Female,953.43,22,19.99,45.58,4.72,8,true
660,33,Female,726.97,16,39.77,266.63,92.76,2,true
661,29,Male,670.78,12,54.5,19.98,10.6,9,false
662,49,Male,537.21,16,53.46,205.69,25.05,0,true
663,68,Male,921.88,13,35.18,749.13,47.61,8,false
664,82,Female,16.68,8,3.49,702.72,49.09,5,true
665,31,Female,171.94,24,16.08,443.17,57.16,5,true
666,77,Male,584.22,3,6.18,939.19,42.33,7,true
667,47,Male,931.99,21,76.74,142.88,2.41,3,false
668,45,Male,640.65,5,73.77,902.27,55.74,1,false
669,42,Female,373.74,9,70.32,232.87,50.77,9,true
670,33,Male,425.18,4,15.77,143.34,13.51,4,true
671,80,Female,109.23,24,99.27,357.0,97.65,5,false
672,43,Female,290.59,21,15.04,111.23,6.79,2,false
673,84,Female,657.66,11,30.96,120.85,10.66,3,false
674,28,Male,376.08,16,4.48,504.3,60.22,6,true
675,66,Female,89.0,19,56.6,639.48,82.82,7,false
676,50,Male,809.65,19,12.58,583.36,41.47,10,false
677,18,Male,394.48,20,37.59,932.27,5.41,4,false
678,59,Female,808.38,21,61.65,374.33,99.02,9,true
679,30,Male,89.77,16,99.49,17.93,24.85,1,true
680,73,Female,950.91,1,78.11,249.41,36.46,5,false
681,40,Male,503.16,10,40.74,211.3,74.5,2,false
682,74,Male,440.23,10,75.9,261.69,36.33,1,false
683,64,Female,102.33,6,4.13,778.42,5.37,3,false
684,52,Female,904.69,22,92.04,795.48,51.27,4,false
685,44,Female,813.69,11,72.07,230.0,23.38,1,true
686,27,Agender,132.88,5,33.29,625.01,55.36,3,false
687,43,Female,792.26,14,73.95,622.85,37.44,4,true
688,79,Female,992.46,17,39.78,117.17,8.9,1,false
689,52,Male,136.98,24,50.03,17.81,46.57,2,false
690,40,Female,700.09,24,21.6,300.33,34.78,1,true
691,56,Female,576.98,22,79.6,304.99,72.9,3,false
692,64,Male,516.71,8,48.92,284.01,33.83,1,true
693,50,Female,963.12,19,99.13,351.47,78.02,8,false
694,75,Female,258.72,1,85.98,74.87,94.51,7,true
695,77,Female,434.74,9,52.21,792.79,16.72,8,true
696,83,Female,373.69,20,80.76,49.42,41.61,7,true
697,39,Male,728.47,3,55.98,632.5,65.82,1,false
698,58,Male,491.43,13,71.74,400.94,47.59,5,true
699,48,Male,886.62,11,82.27,430.53,81.66,1,true
700,31,Female,536.25,16,14.81,812.42,39.36,6,true
701,38,Male,57.14,8,54.19,848.94,76.59,1,true
702,46,Male,336.36,16,9.71,239.25,15.29,6,true
703,29,Bigender,921.14,9,53.85,907.91,35.27,10,true
704,28,Male,52.86,13,43.18,182.65,84.2,9,false
705,66,Female,920.17,2,50.1,804.31,81.12,2,true
706,57,Male,911.3,4,42.48,512.28,24.34,7,false
707,41,Male,892.18,20,82.07,976.53,24.95,7,false
708,26,Male,259.59,3,84.19,910.63,97.73,6,false
709,29,Female,253.37,1,40.77,41.66,19.32,1,false
710,64,Female,690.63,24,29.34,537.22,24.12,7,true
711,26,Female,234.45,17,87.76,259.11,43.6,5,true
712,44,Female,831.04,8,0.99,266.71,24.36,5,false
713,62,Male,909.68,21,61.58,388.27,45.94,8,false
714,43,Male,645.54,7,22.19,667.74,27.95,10,false
715,61,Female,118.16,15,99.43,732.33,7.11,4,false
716,47,Male,770.96,15,14.93,875.19,1.45,6,true
717,72,Male,399.96,4,61.69,418.1,33.17,4,true
718,18,Male,220.02,4,68.96,720.5,58.03,10,true
719,38,Female,352.93,1,77.25,645.28,59.25,7,true
720,52,Male,925.74,6,31.69,515.01,49.91,6,false
721,50,Female,681.08,3,6.03,818.18,84.75,2,true
722,34,Male,855.75,23,43.42,41.71,20.3,6,false
723,19,Female,832.6,2,92.8,544.91,88.93,4,false
724,83,Male,442.52,6,63.95,891.66,1.49,3,true
725,79,Female,646.64,10,48.28,595.29,61.93,1,false
726,27,Female,234.72,2,16.54,887.55,26.13,3,false
727,45,Female,233.83,16,63.38,383.39,48.69,1,true
728,29,Female,381.77,8,24.72,96.98,53.06,0,true
729,34,Female,445.34,11,53.35,795.51,32.87,2,false
730,49,Genderfluid,546.75,7,28.05,314.28,72.72,5,false
731,57,Female,886.24,4,63.83,22.84,97.33,0,false
732,64,Female,46.49,20,66.61,421.5,31.86,5,false
733,26,Male,482.49,6,9.81,264.24,4.56,5,false
734,20,Male,266.33,19,56.38,909.24,82.75,10,false
735,76,Male,671.97,13,61.8,873.85,83.49,4,false
736,73,Male,218.79,17,48.17,31.71,96.0,9,true
737,66,Male,649.82,4,66.6,24.58,80.41,0,false
738,22,Male,427.15,6,16.44,812.43,83.37,7,true
739,23,Male,188.23,6,35.44,596.53,72.34,3,false
740,46,Male,35.44,1,64.45,278.48,90.67,3,true
741,57,Male,889.19,24,86.66,597.04,87.82,5,false
742,22,Female,657.57,3,59.08,224.24,57.48,2,false
743,51,Female,846.93,16,2.39,917.09,47.83,2,true
744,24,Agender,385.8,3,78.57,769.01,86.05,7,false
745,52,Male,511.31,7,5.25,214.91,57.12,0,true
746,58,Male,555.23,8,75.54,858.27,37.2,3,false
747,35,Male,898.21,9,53.17,43.91,97.3,5,false
748,82,Male,264.07,3,36.31,900.13,36.44,6,true
749,81,Male,835.44,3,59.16,299.85,48.55,5,true
750,51,Male,427.82,23,95.81,790.4,83.7,9,false
751,18,Female,227.1,13,98.6,269.1,15.03,4,true
752,58,Male,503.78,23,98.68,906.67,44.31,2,true
753,19,Female,709.19,13,77.77,261.45,17.99,2,false
754,77,Male,480.5,11,76.17,178.47,6.61,10,false
755,48,Female,305.28,19,71.5,61.37,22.51,0,false
756,60,Male,153.32,16,81.04,893.39,67.79,2,false
757,29,Male,897.49,12,61.58,839.96,99.63,9,true
758,41,Female,673.79,9,83.45,220.16,19.57,1,true
759,84,Female,554.07,12,80.32,698.07,41.34,7,false
760,35,Female,5.2,15,3.66,896.23,25.5,2,true
761,78,Male,276.8,3,88.96,138.32,11.8,4,true
762,84,Male,685.49,22,41.88,219.36,76.24,1,true
763,46,Male,729.59,19,53.05,39.92,19.2,9,true
764,64,Non-binary,844.85,21,53.78,496.29,25.28,2,true
765,63,Male,856.81,3,23.56,557.53,50.17,1,false
766,79,Female,761.14,2,2.96,714.49,7.36,10,false
767,38,Male,878.34,16,45.81,453.24,91.74,0,true
768,34,Male,383.92,20,96.05,972.24,24.2,6,false
769,69,Polygender,965.98,3,57.06,663.85,46.35,8,true
770,50,Non-binary,230.65,1,40.22,875.71,93.25,7,false
771,60,Male,1.04,16,67.2,304.43,52.58,10,true
772,28,Female,114.52,5,41.51,764.21,43.13,0,true
773,43,Male,89.15,6,8.97,304.49,44.83,3,true
774,77,Male,268.28,24,64.59,651.45,17.55,0,true
775,54,Male,991.6,3,8.72,459.7,0.93,10,false
776,78,Male,833.71,12,52.08,846.43,28.74,8,false
777,35,Female,638.42,21,7.79,463.59,7.35,1,false
778,52,Female,232.13,23,50.66,256.96,85.44,0,false
779,70,Male,869.25,6,93.71,108.07,11.8,5,false
780,85,Female,804.4,18,18.85,303.92,29.18,6,false
781,41,Female,295.57,19,34.0,264.8,78.32,8,false
782,68,Male,728.21,23,29.74,370.04,44.38,8,false
783,66,Bigender,245.75,18,29.0,914.04,22.15,10,true
784,24,Agender,142.72,7,3.87,864.1,74.67,2,false
785,33,Male,879.42,18,53.75,475.52,98.23,7,false
786,54,Male,383.98,22,70.4,785.78,43.95,9,false
787,36,Female,455.64,19,23.44,815.59,59.67,3,false
788,56,Male,952.23,5,7.78,849.9,3.59,7,true
789,75,Male,997.4,6,30.46,319.58,62.14,0,false
790,48,Female,127.05,12,69.78,122.88,57.25,1,true
791,73,Male,944.49,4,0.02,443.88,4.22,2,false
792,40,Female,538.79,10,56.17,486.29,14.56,1,false
793,18,Female,709.79,17,47.41,655.27,8.67,7,true
794,50,Male,58.09,3,31.44,886.17,4.21,9,false
795,67,Male,627.54,19,41.9,909.14,64.51,6,false
796,20,Male,901.04,6,52.26,723.37,72.35,2,true
797,81,Female,685.39,22,93.28,388.13,43.37,6,true
798,41,Male,881.46,20,62.18,187.33,49.4,0,false
799,75,Female,705.66,16,35.77,568.14,65.7,1,false
800,18,Female,155.5,8,53.19,635.25,29.65,7,false
801,82,Male,762.74,12,37.72,591.13,61.17,10,false
802,37,Male,458.71,13,26.17,298.37,59.17,2,false
803,33,Female,198.73,22,98.91,347.7,7.25,4,true
804,31,Bigender,695.97,2,99.56,414.99,73.82,9,false
805,19,Polygender,378.76,11,51.5,392.96,79.76,2,true
806,78,Genderqueer,146.75,17,45.05,190.23,10.13,6,true
807,72,Female,642.03,15,65.93,870.14,56.15,10,true
808,18,Male,0.41,9,11.65,827.17,67.36,0,true
809,71,Female,874.69,23,49.58,115.0,33.96,5,false
810,65,Female,736.43,15,51.63,14.57,96.8,4,false
811,67,Genderqueer,220.24,6,15.33,203.02,51.23,10,true
812,61,Male,918.82,13,98.47,892.47,2.43,1,false
813,74,Female,844.72,15,62.18,968.19,90.03,6,false
814,82,Female,121.13,21,66.43,256.58,52.08,3,false
815,62,Female,51.5,1,79.03,652.78,70.45,8,false
816,56,Female,931.62,24,81.88,735.42,26.7,6,true
817,78,Male,216.71,15,97.05,183.55,50.16,5,true
818,18,Male,736.0,16,63.18,288.73,13.62,5,true
819,65,Female,755.39,14,23.03,746.05,40.46,1,true
820,74,Female,91.2,14,33.71,204.41,69.89,5,true
821,31,Female,540.43,6,57.14,342.44,96.77,10,true
822,84,Male,20.16,8,13.76,827.69,52.77,9,true
823,78,Female,941.08,9,94.66,551.24,29.52,3,true
824,29,Female,16.73,21,19.49,704.68,70.75,9,false
825,62,Male,234.65,3,76.57,846.2,4.98,6,true
826,38,Female,142.76,4,46.72,624.17,21.29,4,true
827,64,Male,836.63,20,9.44,114.81,9.67,2,true
828,78,Female,192.73,22,55.59,316.59,51.93,8,true
829,31,Polygender,166.08,9,95.2,629.57,79.19,10,false
830,77,Female,457.56,8,0.58,243.61,49.79,3,true
831,60,Male,168.95,22,4.21,248.94,38.76,9,false
832,57,Male,212.79,2,18.95,78.04,89.92,2,true
833,83,Female,24.18,22,31.08,707.95,28.0,7,false
834,64,Male,464.32,13,31.67,734.6,73.1,8,false
835,41,Male,626.26,15,0.94,618.53,81.06,2,true
836,42,Female,0.35,6,12.88,804.91,35.58,5,true
837,31,Female,751.94,20,82.0,289.21,3.65,9,false
838,76,Male,814.75,19,37.7,649.84,51.53,4,false
839,63,Genderfluid,758.95,8,35.07,997.94,40.26,5,true
840,40,Male,296.92,8,44.71,468.26,81.65,10,true
841,64,Male,155.54,9,54.51,651.47,76.54,7,true
842,33,Female,99.46,8,58.76,351.56,17.91,0,true
843,19,Male,185.4,6,67.41,674.59,46.57,0,true
844,58,Female,722.15,14,94.16,447.06,0.23,7,false
845,53,Male,186.82,17,97.31,563.1,23.37,5,true
846,20,Male,621.55,9,52.08,434.8,93.0,6,false
847,43,Female,394.44,16,50.9,447.84,62.61,4,false
848,47,Male,339.29,21,37.28,292.45,79.92,9,false
849,37,Female,389.9,5,27.23,72.73,11.48,5,false
850,81,Female,611.4,20,76.09,900.58,30.98,9,false
851,58,Polygender,962.06,23,98.1,291.91,54.1,7,false
852,53,Male,664.52,2,38.94,129.3,80.52,10,true
853,51,Male,245.23,2,35.29,59.24,55.81,9,true
854,27,Male,233.29,16,71.48,206.25,78.77,7,false
855,39,Female,381.59,9,19.64,587.4,74.9,10,false
856,82,Female,167.01,20,33.13,321.58,90.45,8,true
857,72,Male,228.64,19,24.88,444.13,20.18,2,false
858,63,Female,76.71,18,14.44,249.94,46.32,7,true
859,77,Male,402.51,16,13.12,985.69,61.41,2,false
860,22,Male,499.17,15,83.56,291.55,28.58,7,false
861,49,Male,886.24,9,92.35,591.65,22.23,3,false
862,83,Female,199.08,22,16.77,359.28,56.94,8,true
863,49,Male,113.91,6,60.63,487.61,92.6,0,false
864,84,Male,354.83,23,91.13,531.73,36.59,0,false
865,23,Male,474.54,16,40.71,975.28,80.21,6,true
866,74,Female,28.83,9,33.1,191.43,90.0,9,true
867,50,Female,641.03,23,55.68,400.29,76.85,0,false
868,57,Male,645.32,9,14.6,635.04,9.44,6,false
869,84,Female,626.16,10,80.31,653.05,25.26,0,false
870,50,Female,166.58,7,46.7,856.93,15.48,9,true
871,32,Male,305.52,18,14.64,897.58,50.94,1,true
872,65,Female,428.73,23,60.27,932.22,38.97,7,true
873,71,Male,340.46,11,20.58,396.43,33.07,10,false
874,75,Male,559.93,2,89.28,317.88,82.95,8,true
875,24,Female,34.36,11,86.58,917.83,88.87,5,false
876,33,Male,234.22,15,10.67,313.87,59.34,9,true
877,27,Polygender,108.39,3,82.89,907.02,51.39,4,true
878,51,Bigender,242.05,19,18.29,65.58,82.2,7,false
879,41,Bigender,148.19,2,48.26,273.51,22.29,1,false
880,65,Female,489.36,11,14.51,130.5,82.16,0,true
881,21,Female,719.45,17,94.11,691.23,46.53,2,false
882,44,Male,748.2,7,28.69,223.27,13.31,3,true
883,39,Female,337.47,23,10.26,234.84,21.53,3,false
884,47,Female,106.91,17,99.72,413.47,97.68,1,true
885,28,Female,339.38,9,64.35,618.89,46.01,7,true
886,69,Female,136.43,18,4.87,604.62,60.86,5,false
887,34,Female,319.22,1,66.53,277.71,89.01,1,false
888,83,Female,650.89,10,98.51,901.76,82.94,4,false
889,55,Female,991.38,2,34.42,426.85,71.6,4,true
890,41,Male,771.77,21,76.2,92.04,26.08,3,false
891,31,Male,338.59,22,95.11,777.52,6.48,9,false
892,83,Female,464.12,10,82.43,738.6,96.65,7,false
893,35,Female,558.97,21,81.97,543.59,24.84,1,true
894,39,Male,200.43,12,63.16,88.58,83.46,7,true
895,29,Male,231.12,3,71.51,895.26,41.44,5,false
896,75,Female,206.17,6,78.24,756.93,18.65,1,false
897,56,Male,716.92,14,68.21,561.56,19.04,2,true
898,31,Female,351.38,1,23.66,131.83,90.97,2,true
899,61,Non-binary,171.87,17,57.92,258.45,96.07,7,false
900,35,Female,880.3,18,69.64,207.06,61.7,7,true
901,79,Male,68.38,24,17.05,498.73,87.96,6,true
902,52,Female,845.14,18,52.71,475.06,91.59,9,false
903,37,Male,690.42,23,38.35,988.97,24.35,2,true
904,52,Male,648.86,8,90.99,952.72,95.05,10,true
905,30,Bigender,515.39,10,51.13,754.09,0.62,3,false
906,71,Female,946.34,20,83.56,488.47,43.42,9,false
907,59,Male,41.52,9,3.18,257.28,88.37,3,true
908,60,Female,454.31,2,66.56,784.3,76.42,2,false
909,18,Male,799.62,11,62.99,775.62,1.86,3,true
910,35,Female,130.54,4,30.81,409.11,51.9,8,false
911,75,Male,779.54,5,76.93,429.04,82.61,9,true
912,56,Female,511.69,13,77.7,489.12,67.93,1,true
913,79,Female,365.4,22,78.37,266.93,63.29,3,false
914,33,Male,143.38,22,78.27,812.87,26.56,0,true
915,48,Genderfluid,321.56,17,24.97,858.64,71.7,0,true
916,74,Male,329.08,1,83.64,80.9,15.19,3,true
917,18,Polygender,745.13,5,97.61,805.73,57.62,6,true
918,74,Genderqueer,816.1,24,73.73,412.73,99.8,3,true
919,50,Male,292.6,22,88.84,29.95,77.11,3,true
920,71,Male,185.81,10,80.81,435.45,78.36,2,true
921,28,Male,970.4,4,4.43,100.0,23.03,3,true
922,73,Female,689.84,8,36.27,275.57,85.8,9,true
923,53,Female,638.29,17,51.17,616.95,9.08,6,false
924,42,Female,382.74,21,69.28,307.78,27.33,0,false
925,65,Male,218.82,17,70.42,234.18,29.73,6,false
926,79,Female,795.3,10,3.99,239.55,66.67,8,true
927,50,Female,282.05,9,79.3,375.7,67.98,4,true
928,80,Male,76.37,11,40.21,738.65,66.43,7,false
929,37,Female,895.04,7,9.06,954.63,34.62,6,false
930,45,Female,767.47,10,42.34,34.35,38.21,2,true
931,57,Male,852.88,1,28.87,457.27,27.57,3,false
932,26,Female,287.3,4,85.24,112.04,29.52,4,false
933,31,Male,270.84,16,22.86,521.29,43.47,9,true
934,58,Female,123.85,9,39.66,87.45,64.24,6,true
935,63,Female,927.76,18,42.93,88.54,9.49,9,false
936,22,Female,767.51,13,11.94,281.94,41.4,7,true
937,27,Male,645.36,5,43.05,952.97,22.77,7,true
938,85,Male,678.27,9,97.65,965.34,48.7,8,false
939,47,Female,423.36,13,36.61,544.61,48.24,8,false
940,18,Male,629.28,18,27.84,859.02,72.03,9,true
941,40,Male,890.37,2,29.59,387.31,62.78,3,true
942,28,Female,676.49,20,57.15,644.35,78.14,4,false
943,43,Female,922.13,2,70.44,98.33,97.92,7,false
944,37,Female,866.21,10,85.53,565.7,58.96,7,false
945,18,Female,141.14,5,66.91,525.91,66.88,3,true
946,66,Female,354.88,15,87.22,929.36,49.12,5,true
947,60,Male,314.86,11,10.01,35.52,58.68,10,true
948,62,Male,317.81,24,15.52,426.58,85.77,6,true
949,39,Female,339.42,1,22.53,308.7,25.65,0,false
950,27,Female,492.31,12,40.95,151.94,72.71,0,false
951,26,Female,995.49,4,18.94,960.31,54.48,0,true
952,78,Female,56.23,13,36.54,462.0,46.21,3,true
953,46,Female,294.09,12,39.62,505.18,9.1,6,true
954,21,Female,258.39,2,40.27,706.19,86.02,5,true
955,23,Male,518.42,22,47.5,315.12,91.87,1,false
956,69,Female,588.13,7,19.12,27.37,57.66,3,true
957,52,Female,98.52,23,0.05,816.81,61.23,3,false
958,67,Male,161.5,11,74.48,906.16,67.72,5,true
959,20,Male,438.22,15,14.69,28.92,86.72,2,false
960,66,Male,353.3,17,6.02,311.54,54.69,10,false
961,51,Male,107.91,19,3.09,481.04,69.7,6,false
962,24,Genderqueer,429.81,12,81.09,658.45,96.3,6,true
963,36,Male,850.4,7,3.85,688.37,35.31,2,false
964,33,Female,738.88,21,72.26,527.93,68.6,8,false
965,77,Male,142.89,1,57.25,838.25,52.14,5,true
966,47,Male,484.42,6,84.79,30.61,55.07,8,true
967,39,Male,248.9,7,42.84,64.97,22.95,3,true
968,41,Agender,478.24,23,23.24,30.92,43.28,7,false
969,29,Female,854.94,1,75.33,132.11,35.94,2,true
970,24,Male,211.2,23,8.56,803.59,25.37,4,true
971,26,Male,928.85,13,37.13,70.79,7.19,6,false
972,55,Female,768.67,11,19.64,328.07,97.8,2,true
973,73,Female,692.2,12,80.58,423.45,12.77,6,true
974,65,Male,857.15,8,81.61,698.98,61.79,0,true
975,74,Male,19.46,3,69.97,18.09,67.05,9,false
976,67,Female,661.39,20,88.05,986.51,85.51,10,false
977,79,Bigender,279.19,10,25.34,670.0,28.55,9,true
978,40,Polygender,866.07,2,24.43,25.33,33.81,0,false
979,81,Female,843.55,21,33.46,316.46,31.66,5,false
980,37,Male,938.13,9,59.88,405.6,38.39,9,true
981,70,Male,40.39,20,92.57,853.37,30.39,7,false
982,45,Female,977.14,16,2.66,182.24,20.84,0,true
983,22,Female,59.55,22,55.24,488.95,34.38,9,false
984,45,Female,109.38,17,29.77,840.52,78.41,8,true
985,31,Female,193.15,7,6.04,168.31,81.16,3,false
986,29,Female,886.01,15,36.81,627.81,13.37,8,true
987,44,Female,247.14,12,95.6,798.44,42.61,5,false
988,81,Female,501.5,8,72.85,91.43,72.26,4,true
989,51,Male,208.22,14,38.24,597.47,35.5,8,false
990,70,Female,8.15,13,97.33,438.2,36.84,4,true
991,18,Male,318.59,10,35.27,356.57,97.96,10,true
992,56,Female,681.67,15,53.35,50.73,31.21,2,false
993,81,Female,692.34,2,16.94,539.08,97.23,8,false
994,79,Non-binary,214.63,2,6.4,769.0,21.03,4,true
995,45,Polygender,388.96,9,62.38,66.14,6.78,8,false
996,54,Male,65.56,3,9.26,902.72,47.87,10,true
997,74,Male,434.52,5,54.29,505.93,68.22,5,false
998,65,Male,242.31,24,72.57,357.92,0.12,10,false
999,44,Male,167.52,6,39.04,273.31,3.31,9,false
1000,63,Female,278.17,15,98.88,518.27,94.36,3,true
